	events
0	['dummyStart', 'correct_port_persev']
1	['dummyStart', 'correct_port_persev']
2	['dummyStart', 'correct_port_persev']
3	['dummyStart', 'correct_port_persev']
4	['dummyStart', 'correct_port_persev']
5	['dummyStart']
6	['dummyStart', 'correct_port_persev']
7	['dummyStart', 'port_1_OD']
8	['dummyStart', 'correct_port_persev']
9	['dummyStart', 'correct_port_persev']
10	['dummyStart', 'correct_port_persev']
11	['dummyStart', 'correct_port_persev']
12	['dummyStart']
13	['dummyStart', 'correct_port_persev']
14	['dummyStart']
15	['dummyStart', 'correct_port_persev']
16	['dummyStart', 'correct_port_persev']
17	['dummyStart']
18	['dummyStart', 'correct_port_persev']
19	['dummyStart']
20	['dummyStart']
21	['dummyStart', 'correct_port_persev']
22	['dummyStart', 'correct_port_persev']
23	['dummyStart']
24	['dummyStart', 'correct_port_persev']
25	['dummyStart', 'correct_port_persev']
26	['dummyStart', 'correct_port_persev']
27	['dummyStart', 'correct_port_persev']
28	['dummyStart', 'correct_port_persev']
29	['dummyStart']
30	['dummyStart', 'correct_port_persev']
31	['dummyStart', 'correct_port_persev']
32	['dummyStart']
33	['dummyStart', 'correct_port_persev']
34	['dummyStart']
35	['dummyStart']
36	['dummyStart', 'port_1_OD', 'correct_port_persev']
37	['dummyStart']
38	['dummyStart', 'correct_port_persev']
39	['dummyStart', 'correct_port_persev']
40	['dummyStart', 'correct_port_persev']
41	['dummyStart', 'correct_port_persev']
42	['dummyStart', 'correct_port_persev']
43	['dummyStart', 'correct_port_persev']
44	['dummyStart', 'correct_port_persev']
45	['dummyStart']
46	['dummyStart']
47	['dummyStart', 'correct_port_persev']
48	['dummyStart', 'correct_port_persev']
49	['dummyStart', 'correct_port_persev']
50	['dummyStart', 'correct_port_persev']
51	['dummyStart', 'correct_port_persev']
52	['dummyStart']
53	['dummyStart']
54	['dummyStart', 'correct_port_persev']
55	['dummyStart', 'correct_port_persev']
56	['dummyStart', 'correct_port_persev']
57	['dummyStart', 'correct_port_persev']
58	['dummyStart', 'correct_port_persev']
59	['dummyStart', 'correct_port_persev']
60	['dummyStart']
61	['dummyStart', 'correct_port_persev']
62	['dummyStart', 'correct_port_persev']
63	['dummyStart', 'correct_port_persev']
